{"cameraMode":{"drawMode":0,"name":"Shaded","section":"Shading Mode"},"sceneLighting":false,"audioPlay":false,"sceneViewState":{"showFog":true,"showMaterialUpdate":false,"showSkybox":true,"showFlares":true,"showImageEffects":true,"showParticleSystems":true},"in2DMode":false,"pivot":{"x":312.21539306640627,"y":366.716796875,"z":43.71533966064453},"rotation":{"x":0.2808864116668701,"y":-0.00259276176802814,"z":0.0007730333018116653,"w":0.9597700834274292},"size":179.75717163085938,"orthographic":false}