{"cameraMode":{"drawMode":0,"name":"Shaded","section":"Shading Mode"},"sceneLighting":false,"audioPlay":false,"sceneViewState":{"showFog":true,"showMaterialUpdate":false,"showSkybox":true,"showFlares":true,"showImageEffects":true,"showParticleSystems":true},"in2DMode":false,"pivot":{"x":0.23859354853630067,"y":-0.6548997163772583,"z":-0.5835321545600891},"rotation":{"x":-0.6754058003425598,"y":-0.02962050773203373,"z":0.027169244363904,"w":-0.7364198565483093},"size":15.438549995422364,"orthographic":false}