{"cameraMode":{"drawMode":0,"name":"Shaded","section":"Shading Mode"},"sceneLighting":false,"audioPlay":false,"sceneViewState":{"showFog":true,"showMaterialUpdate":false,"showSkybox":true,"showFlares":true,"showImageEffects":true,"showParticleSystems":true},"in2DMode":false,"pivot":{"x":231.32568359375,"y":121.247314453125,"z":287.424560546875},"rotation":{"x":-0.13876551389694215,"y":0.0032655857503414156,"z":-0.0004583341651596129,"w":-0.9903727173805237},"size":431.0725402832031,"orthographic":false}