{"cameraMode":{"drawMode":0,"name":"Shaded","section":"Shading Mode"},"sceneLighting":false,"audioPlay":false,"sceneViewState":{"showFog":true,"showMaterialUpdate":false,"showSkybox":true,"showFlares":true,"showImageEffects":true,"showParticleSystems":true},"in2DMode":false,"pivot":{"x":4.500548839569092,"y":0.1927414983510971,"z":-2.291140556335449},"rotation":{"x":-0.3686486482620239,"y":-0.02760433219373226,"z":0.010959217324852944,"w":-0.9291535019874573},"size":2.7408387660980226,"orthographic":false}